id,질문제목,질문본문,작성일자,조회수,답변본문1,답변자계급1,답변자채택답변수1,활동분야1_1,순위1_1,활동분야1_2,순위1_2,활동분야1_3,순위1_3,채택여부1,채택여부2,채택여부3,링크,카테고리,tags,답변본문2,답변자계급2,답변자채택답변수2,답변본문3,답변자계급3,답변자채택답변수3,활동분야3_1,순위3_1,활동분야3_2,활동분야3_3,활동분야2_1,순위2_1,활동분야2_2,순위2_2,활동분야2_3,순위2_3,순위3_2,순위3_3,labels
9.0,부동산 이사하는 과정 질문요,"처음 제 명의로 이사하고계약했고 잔금일날 이사가는데요그날 과정이 어떻게 이루어지나요?법무사, 등기 등 복잡하고 어려워서요ㅜ",2시간 전,15.0," 부동산 이사하는 과정 질문요 처음 제 명의로 이사하고?계약했고 잔금일날 이사가는데요?그 날 과정이 어떻게 이루어지나요?법무사, 등기 등 복잡하고 어려워서요ㅜ?1. 아마도 부동산중개사무소를 거쳐 중개사를 통해 물건(집)을 소개 받고    집 소유주와 만나 매매계약을 체결하고    그 계약 내용에 따라 계약금, 중도금, 잔금을 치르는 과정이고    잔금을 치르면    물건(집)을 동시에 인도해 주도옥 하는 것이 보통의 경우입니다.?2. 이 과정에서 부동산법률전문가인 공인중개사가 매매물건에 대한 설명, 법률적 문제가 없는지 검토 등    매매과정을 돕고 소유권 권리이전을 위한 절차도 안내를 받을 수 있습니다. 경우에 따라서는 이전등기까지    마무리해 주시기도 합니다. 이 외에도 법원경매를 대행하기도 하고 국토교통부에 매매고래가 신고 등 필요한    절차도 대신해 주기도 합니다.?3. 공인중개사로서 거래한 물건에 대한 계약과 이행에 대해 하자가 있다면 일부 책임을 물을 수도 있기떄문에    예전처럼 매매물건 소개하고 수수료 받는 것보다는 역할이 강화되었다고 보시면 됩니다.    따라서 지금 고민하시는 계약체결과 매매대금지급절차, 부동산(집) 소규권이전 등기절차 등에 전부 자문을    받을 수 있고 대행을 부탁하셔도 가능하실 것입니다.?4. 두 가지 단계입니다.    하나는 매매계약과 매매대금을 계약에 정한 대로 이행하고 실제 집을 인수받고 이사를 하는 것과    또 하나는 매매계약과 인수받은 등기권리증을 근거로 법원 등기소에 가서 소유권이전등기를 신청하는 것입니다.?     집은 잔금 치르고 그 집을 인수받아 정리하고 들어 가시면 되고 ... 안 비켜주면 계약을 근거로 명도소송     등기이전은 잔금만 남았으므로 계약은 유효하게 된 것이고 말씀 드린대로 등기이전하고     등본발급 받아 내 소유로 명기된 것을 확인하시면 됩니다.(인터넷등기소 열람도 가능)?     * 다시 말씀드리지만 공인중개사에게 부탁하거나 물어서 직접하셔도 되고        따로 또 법무사 거쳐야 할 필요는 없습니다. ",영웅,113.0,,,,,,,0.0,0.0,0.0,https://kin.naver.com/qna/detail.nhn?d1id=6&dirId=60202&docId=381549928,"부동산, 건축",[],,,,,,,,,,,,,,,,,,,"['등기', '계약']"
1061.0,전세 도중 집주인이 바뀐 후 전세보증보험 들기,신축 빌라 전세를 입주 후 집주인이 변경되었어요. 계약 후 부동산 측에서 전화로 알려줬습니다.신축빌라는 1년후 보증 보험 가입이 가능하다해서 이제 보증보험 가입하려는데 새로운 집주인이 주민번호를 알려주지도 않아 가입을 못하는데 이럴 때 어떻게 해야하는지요? 새로운 집주인은 여자인데 부동산에서 알려준 번호는 남자 번호에요... 집주인 남편같은데 전화번호도 주민번호도 모르는 상황입니다.,2021.01.28,65.0," 부동산 등기부 등본을 발급받아보면 새로운 소유자의 성명과 주민번호 앞자리 6자, 주소가 기재되어 있을 것입니다..그 주소로 내용증명을 보내 연락을 취하고 필요한 사항을 협의하면 될 것으로 보입니다.. ",우주신,10388.0,"재판, 소송 절차",40.0,"부동산, 건축",16.0,계약,13.0,0.0,0.0,0.0,https://kin.naver.com/qna/detail.nhn?d1id=6&dirId=60202&docId=380275252,"부동산, 건축",[]," 부동산에서 남자 번호를 알려줬다면, 집 명의자가 남편일 가능성이 있습니다. ?등기부등본 확인해보셨나요?? 인터넷 등기소에서 700원 주고 주소 입력하면 떼볼 수 있습니다. 이걸로 새로 바뀐 등기부 확인해보시구요. http://www.iros.go.kr/PMainJ.jsp ",고수,,,,,,,,,,,,,,,,,['등기']
799.0,도로 등기부좀봐주세용,이 도로가 사유지인지 관할구청꺼인지 잘몰겠어요 잘아시는분 조언좀구합니다,2021.02.01,23.0," 안녕 하세요^^?부동산 건축 4위, 건축상담 6위의 지식인 마제스힐입니다??위 질의하신 부분에 대하여 답변 드리겠습니다*****************************************?질문 : 이 도로가 사유지인지 관할구청꺼인지 잘몰겠어요 잘아시는분 조언좀구합니다 ?답변 : 소유권은 울산광역시 중구청의 소유토지 입니다?*****************************************저희 블로그에 오시면 더 많은 정보를 보실수 있습니다[블로그] https://blog.naver.com/ks32477?오늘도 즐거운 하루 되시길 바랍니다 ",은하신,6513.0,"부동산, 건축",4.0,건축학,86.0,계약,62.0,0.0,0.0,0.0,https://kin.naver.com/qna/detail.nhn?d1id=6&dirId=60202&docId=380638722,"부동산, 건축",[],,,,,,,,,,,,,,,,,,,['등기']
1156.0,임대차보호법의 대항력의 실재주가 필요한 이유는?,"임대차는 그 등기가 없어도 임차인이 ①주택의 인도와 ②주민등록을끝낸 경우 그 다음날부터 제삼자, 즉 임차주택의 양수인, 임대하는권리를 승계한 사람 및 기타 임차주택",2021.01.27,9.0,,,,,,,,,,0.0,0.0,0.0,https://kin.naver.com/qna/detail.nhn?d1id=6&dirId=60202&docId=380147656,"부동산, 건축",[],,,,,,,,,,,,,,,,,,,"['법률', '매매', '등기']"
1165.0,집명의문의?,출산장려금때문에 저와 아내 둘다 타지로 전입신고를하는데 문제가없나요?(실제로는 거주하지만 등본상에 아무도없음)그리고 장모님이 빈집으로 주소만옮기셔서 세대주가 되도 관계없나요?,2021.01.27,22.0, 안녕하세요!?원칙은 안되겠지요.주민등록이 말소 되는 상황이 아니라면 실제 문제는 없을 것입니다.말소 상황은 연락이 안되거나 민원이 발생하는 등의 일을 말합니다.?좋은 날 이루시기 바랍니다.?https://whal.eu/l/B7G3RZd7 ,태양신,4304.0,"부동산, 건축 민원",2.0,"부동산, 건축",26.0,매매,46.0,0.0,0.0,0.0,https://kin.naver.com/qna/detail.nhn?d1id=6&dirId=60202&docId=380136412,"부동산, 건축",[],,,,,,,,,,,,,,,,,,,"['민원', '등기']"
418.0,세대주 세대원 각각 전입신고 방법,"저는 아이1명과 살고 있는데요이번에 이사를 하면서아이는 부모님 집으로,저는 다른 집으로 이사를 해요전입신고 아이랑 저랑 인터넷으로 각각 할수있나요",2021.02.06,11.0, 정부24에서 인터넷으로 전입신고하면 됩니다. ?참고하세요  ,바람신,1659.0,매매,37.0,분양,,"청약, 전세",,0.0,0.0,0.0,https://kin.naver.com/qna/detail.nhn?d1id=6&dirId=60202&docId=381129751,"부동산, 건축",[],,,,,,,,,,,,,,,,,,,['등기']
91.0,부동산 소유지분현황에있는 순위는 무엇을 뜻하는건가요?,제목 그대로 사진 속 6순위는 무엇은 의미하는건가요?,21시간 전,22.0,,,,,,,,,,0.0,0.0,0.0,https://kin.naver.com/qna/detail.nhn?d1id=6&dirId=60202&docId=381481068,"부동산, 건축",[],,,,,,,,,,,,,,,,,,,['등기']
8708.0,"임차권등기명령은 직접 법원가서 하고, 전세보증금반환소송만 법무사 통해 진행할 수 있나요?","원룸 살고 있습니다. 계약기간이 끝났는데 집주인이 돈이 없어서 이사를 못하고 있습니다.1. 제목처럼임차권등기명령은 직접 법원가서 하고, 전세보증금반환소송만 법무사 통해 진행해도 되나요?2. 전세보증금반환소송을 하게되면 소송비용과 법정이자도 받는다고 알고 있는데요. 맞나요?소송비용에 대한 금액은 돌려 받을 수 있으나, 임차권등기명령에 대한 금액(법무사30만원 가량, 직접 법원가서 할경우 6만원)은 못 받는다고 하는 얘기도 있구요. 너무 헷갈리네요.임차권등기명령을 해두고 이사를 미리 했을때 이자를 받는것이고, 이집에 그대로 살고 있을때는 법정이자를 못 받는다는 사람도 있는데 어떤게 맞나요?3. 임차권등기명령, 전세보증금반환소송....이렇게만 생각하고 있었는데어떤분은 [지급명령]까지 같이 하라고 하네요. 3가지 다 하면 100만원이 훨씬 넘던데...지급명령도 꼭 해야 하나요?",2021.02.03,99.0, 1) 전세보증금 반환소송만 법무사의 도움을 받을 수 있습니다.    법무사에게 임차권등기명령신청과 함께 맡기시며     실비수준의 추가비용만 부담하는 것으로 협의해 보시기 바랍니다.    과도한 비용을 요구할 경우 임차권등기명령신청은 님이 직접 진행하셔도 됩니다.?2) 법무사비용과 임차권등기비용은 받지 못한다고 생각하셔야 합니다.?3) 전세보증금 반환소송과 지급명령신청중 한가지만 진행하시기 바랍니다.?이상은 개인적인 의견이오니 참조만 하시기 바랍니다. ,은하신,9036.0,지식재산권,17.0,"법, 법률",45.0,"부동산, 건축",29.0,0.0,0.0,0.0,https://kin.naver.com/qna/detail.nhn?d1id=6&dirId=60223&docId=380851026,등기,[], 1) 네 그렇게 진행하셔도 됩니다.?2) 법무사비용은 받을 수 있습니다. 임차권등기명령도 법무사를 통해서 하시면 지급받을 수 있습니다.?3) 임차권등기명령을 한 후 점유를 이전하지 않으면 이자는 받을 수 없어요?4) 임차권등기명령신청과 소송을 제기하시면 됩니다. 5) 가장 중요한 것은 임대인의 자력이 어느정도 인지알아야 합니다.     임대부동산 말고 임대인 소유의 주택이 있다면 위 비용은 모두 회수 할 수 있습니다.다만 자력이 없는 경우 위 부동산 낙찰대금 만으로 보증금에 충당하기 때문에 원룸낙찰가격에 따라  달라질 수 있어요?아래 배너를 통해서 상담이 가능합니다.https://m.kin.naver.com/mobile/expert/product/detail?storeId=100010922&productId=100024291 ,초인,876.0,,,,,,,,등기,25.0,민사집행,,민사소송,,,,"['법률', '등기']"
8743.0,법무사에 대해서..,안녕하세요 저희 이번에 집 등기 때문에 법무사에 상담을 받을려고 하는데각 지역마다 담당 법무사가 있다고 하네요...전남신안군 암태면인데 어떻게 알수 있을까요 담당 법무사를,2021.01.31,42.0, 그냥 근처 법무사 가시면 돼요~ ,지존,363.0,,,,,,,0.0,0.0,0.0,https://kin.naver.com/qna/detail.nhn?d1id=6&dirId=60223&docId=380554757,등기,"['법무사', '법무사님도와주세요']", 지역을 담당하는 법무사는 별도로 있지 않아요다만 네이버에 신안국 법무사 검색하시셔서 가까운 법무사님께 의뢰하세요 ,초인,876.0,,,,,,,,등기,25.0,민사집행,,민사소송,,,,['등기']
84.0,개업하려고하는데 옆에 인도가 더 높잖아요 일반적으로 오토바이가 들어올때불편해보여서,혹시나 인도 깎는작업? 경사지게 어떻게해야되나요?,20시간 전,16.0," 구청에 신고해서 사용허가를 받고 안전설치를 새로 해야합니다?인도까지가 건물사유지면 마음대로 공사할수 있는데 보통은 그렇지 못하죠?문제는 비용문제와 인허가 문제로 신청이 반려될수 있습니다?꼼수로 자동차 경사용램프나 삼각형모양의 밀림방지 경사턱, 각목 여러개를 이용해 경사로를 설치하는 방법이 있습니다?물론 신고당할수 있는 사안이기는 하지만 판단은 업주의 몫이므로 득실을 잘 따져 선택하시기 바라랍니다 ",우주신,,,,,,,,0.0,0.0,0.0,https://kin.naver.com/qna/detail.nhn?d1id=6&dirId=60202&docId=381487643,"부동산, 건축",[],,,,,,,,,,,,,,,,,,,"['법률', '민원']"
1112.0,이사 가는 곳 전기 전입신고,안녕하세요. 대학생이여서 자취방을 구했는데 집 주인분께서 도시가스와 전기 전입 신고를 해야한다고 하더라구요. 도시가스는 해당지역 도시가스 사이트에 들어가서 전입신고를 마친 상태입니다.그런데 전기 전입신고를 해야한다는 말이 이해가 되지 않아서 질문드립니다..전기는 따로 전입신고 없이 집주인분 명의로 고지서가 날라 오더라도 납부만 잘 하면 되는거 아닌가요?ㅠㅠ어떻게 해야할지 잘 모르겠습니다 ㅠㅠ만약에 카카오페이로 자동이체를 하려면 제 명의로 바꿔야 가능한거죠?,2021.01.28,80.0, 저같은 경우도 자취할때는 집주인분이 먼저 납부해주시고 집주인분께 송금드렸구요.사택살때는 한전에 연락해서 제 명의로 등록해서 자동이체 되게끔 했네요.일단 한전에 연락해보세요.?답변이 마음에 드셨다면 좋아요 혹은 채택 부탁드려요~ ,초인,766.0,,,,,,,0.0,0.0,0.0,https://kin.naver.com/qna/detail.nhn?d1id=6&dirId=60202&docId=380202208,"부동산, 건축","['전입신고', '전기', '한국전력공사']",,,,,,,,,,,,,,,,,,,['민원']
724.0,투룸 소음문제로인해 퇴거명령,안녕하세요 얼마전에 투룸으로 이사온사람입니다 옆집소음때문에 글을써봅니다 저희가 한달전에 이사왔고 옆집은 저희보다 조금더빨리이사를왓다고하네요 계약이 6개월기준이고 그다음은 한달씩연장하는계약이라고합니다. 옆집에서 밤마다 남자랑여자랑 술마시는소리에 싸우는소리 너무말도안되게들려서 얼마전에 항의하러갓다가 인신공격까지해서 그렇게말았는데 어제도 새벽내내 시끄럽게싸우는소리가들려서 다른세대가먼저 신고하고 그다음제가 신고를했습니다 경찰이오니 옆집에서는 저번에 옆집이랑 싸워서 일부러신고를하는거다라고 말을하고 경찰을보냇는데 이런경우에는 집주인한테말을해서 옆집퇴거명령을시킬수없나요? 이미 다른세대들도 옆집이 너무시끄러워서 경찰에 신고를한상태입니다 제발좀도와주세요 맨날 험악한 남자들뎅리고와서 술마시고 너무시끄럽게 떠드는데 무섭습니다.,2021.02.02,25.0," 안녕 하세요^^?부동산 건축 4위, 건축상담 6위의 지식인 마제스힐입니다??위 질의하신 부분에 대하여 답변 드리겠습니다*****************************************?질문 :  이런경우에는 집주인한테 말을해서 옆집퇴거명령을시킬수없나요? ?답변 : 집주인에게 강력하게 항의 할수는 있습니다하지만 강제퇴거는 집주인이 할수있는것이 아니고 집주인도 옆집에게 나가달라고 말할수는 있으나 강제로 할수있는것은 아닙니다위 경우는 경찰이 그냥 돌라가는게 아니고 경범죄처벌법에 의하여 강력하게 처벌해 달라고 요청 하여야 합니다?「경범죄 처벌법」악기·라디오·텔레비젼·전축·종·확성기·전동기 등의? 소리를 지나치게 크게 내거나 큰소리로 떠들거나 노래를 불러 이웃을 시끄럽게 한 사람은 10만원 이하의 벌금,구류 또는과료의 형으로 처벌받습니다.?*****************************************저희 블로그에 오시면 더 많은 정보를 보실수 있습니다[블로그] https://blog.naver.com/ks32477?오늘도 즐거운 하루 되시길 바랍니다 ",은하신,6513.0,"부동산, 건축",4.0,건축학,86.0,계약,62.0,0.0,0.0,0.0,https://kin.naver.com/qna/detail.nhn?d1id=6&dirId=60202&docId=380720864,"부동산, 건축","['변호사', '변호사님도와주세요', '투룸']",,,,,,,,,,,,,,,,,,,"['법률', '민원']"
1072.0,회사같은 호실 세대주,제가 회사기숙사 사는데 전입신고 해서 세대주변경 하려하는데 같은호실 같이사람이 방 주소로 세대주 먼저 신청대있는데 같의 세대주가 댈수 있나여? 만약 안대면 같이 쓰는사람인데 기숙사는 안들어오고 출퇴근 하는데 제가 맘대로 세대주변경 할수있나요아파트 아닙니다 일반 기숙사,2021.01.28,15.0, 문제 없습니다?같이 쓰시는 분이 전입신고를 하셨어도?질문자가 하실수 있습니다 ,식물신,1214.0,경매,41.0,전세,,월세,,0.0,0.0,0.0,https://kin.naver.com/qna/detail.nhn?d1id=6&dirId=60202&docId=380266408,"부동산, 건축",[],,,,,,,,,,,,,,,,,,,['민원']
1060.0,차량 사고문의드립니다.,골목길 운행중 빌라담벼락에 초록색 휀스로인하여 차량 필러 사이드미러 손상이 심합니다.차종은 아우디A6입니다빌라내 도시가스 담벼락을 초록색 휀스로 문을만들어 사용하엿는데 부식과 오래된휀스가 갑자기 열려 차량을 손상시켰습니다.건물주는 없는건물이며 가구당 각자 입주한것으로 확인됩니다.피해금액이 너무크며 구상권청구를하려햇지만 관리인.건물주가 없어서 힘들다고합니다이럴땐 보상을 받지못하나요불법 건축물등 민원을 너어야 할까요빌라입주민들은 통으로 책임보험에 가입을 해야하는게 아닌가요?,2021.01.28,11.0,,,,,,,,,,0.0,0.0,0.0,https://kin.naver.com/qna/detail.nhn?d1id=6&dirId=60202&docId=380277565,"부동산, 건축","['보험처리', '불법건축물', '자동차사고']",,,,,,,,,,,,,,,,,,,"['법률', '민원']"
708.0,무개념 주차때문에 너무 스트레스네요,저희 집 주택 앞에 이렇게 무개념으로 주차하고 며칠째 그대로인데 전화해서 왈가왈부 하다가 감정싸움 날 거 같기도 하고 그래서 시청쪽에 민원을 물어봤더니 불법주정차구간이 아니면 처리를 해줄 수 없다며 해결을 안해주는데 해결방법이 없을까요 지나다니는데 불편해 죽겠습니다ㅠㅠㅠ 저번에도 이상태로 일주일이나 놔뒀었는데 이근처 사람인가 싶어서 놔뒀는데 어제 주차하고 가는 거 보니까 주택근처 사는 사람도 아닌 거 같네요ㅠㅠㅠ 해결방법 아시는 분들 도움 좀 주세요ㅠㅠㅠ,2021.02.02,39.0, 주변 파출소에 도움요청해 보세요 ,고수,54.0,,,,,,,0.0,0.0,0.0,https://kin.naver.com/qna/detail.nhn?d1id=6&dirId=60202&docId=380733040,"부동산, 건축","['주차문제', '무개념주차', '스트레스']", 사진 찍어서 신문고에 올려보세요 즉방입니다....불법주정차구간이 아니더라도 불법주차는 맞습니다주차위반으로 올려보세요아울러 집으로 출입이 불편하다고 ,바람신,1546.0,,,,,,,,서바이벌,4.0,사격,7.0,"부동산, 건축",,,,['민원']
1404.0,아파트 회사 기숙사 독립 세대주 전입신고 가능여부(경기도 화성시 향남),"제가 경기도 화성의 향남로 이직을 하면서 회사 기숙사에 들어갔습니다. 근데 회사 기숙사는 일반 아파트의 한 호수를 기숙사로 사용하는 형태이며, 저를 포함 4명이 살고 있습니다.이 중에서 한 명이 현재 기숙사로 사용되는 아파트 주소로 전입신고를 한 상태여서 이미 세대주가 있는 상태입니다.직장으로 인해서 회사 기숙사에 사는데, 이 기숙사에 저도 독립 세대주로 해서 1가구 2세대주로 가능합니까?만약 가능하다면 필요한 서류는 무엇이 있습니까?",2021.01.17,36.0,,,,,,,,,,0.0,0.0,0.0,https://kin.naver.com/qna/detail.nhn?d1id=6&dirId=60202&docId=379114692,"부동산, 건축",[],,,,,,,,,,,,,,,,,,,['민원']
378.0,세대주 변경 관련해서 질문드립니다,"안녕하세요현재 아버지 명의로 세대주가 구성되어있습니다.그러나 집 명의는 친누나 명의로 되어 있는 상황입니다. (누나는 결혼해서 매형네 세대원으로 들어가있음)아버지는 빚이 조금 있으신데 여기서 제 명의로 세대주를 변경하게 된다면, 어떤 문제가 있을까요?",2021.02.06,25.0, 아무 상관이 없어요 ~~ ,우주신,15981.0,"연애, 결혼",19.0,가족,7.0,서비스업,12.0,0.0,0.0,0.0,https://kin.naver.com/qna/detail.nhn?d1id=6&dirId=60202&docId=381173036,"부동산, 건축",['세대주변경'],,,,,,,,,,,,,,,,,,,['민원']
1030.0,집주인이 세입자집에 시도때도없이오는거 괜찮나요?,다세대주택에 거주하고있습니다. 집주인이 바로윗층에살고있습니다. 계약시 월세 금액중 일부는관리비로하여 거기수도세가포함되어있습니다.둘다 직장인이라 일찍일어나는편인데 한날 오전5시30분쯤에 일어나 샤워를 하고있는데6시가 다되어가 인터폰이 울렸습니다집주인 아저씨가 찾아온것입니다 주인아저씨말은 밤새 물소리 때문에 잠을 못잤다나진짜 어이가 없어서 그때는 첨이라 죄송하다 그러고 말았는데 생각하면 할수록 기분이 나쁜것입니다. 또 퇴근하고 저녁밥 준비를 하고있는데 인터폰이 또 울리는 것입니다 .주인 아저씨 입니다 쿵 하는소리가 들렸다고.집에서 머하냐고.아무것도 안한다니깐 그냥가긴했지만 기분이좋지않았습니다.한날은 친구랑 술을먹고 기분이좋아서 조금떠들었는데 밤12시에 또인터폰이울렸습니다.시끄럽다고 다른집에서 여기저기민원이들어온다나어쩐다나 내생각엔 그시간에 찾아오는주인아저씨가 더민폐인거같습니다한날은 진짜 친구가 생일이라 술을너무마니마시고 집에 새벽2시에귀가해서 씻는다고 씻다가수도꼭지를 잠그는걸깜박했나봅니다제가아침에6시에일어나는데 씻을려고하는데물이안나오는겁니다.씻지도못하고 그날결국회사출근도못하고 너무이른시간이라전화하기그래서 좀있다가주인집에 전화하니 기다렸다는듯이 첫말이 수도일부러잠궜다고 밤새잠을못잤다고 개어이없었음ㅅㅂ 잠안자고 물쓰나 안쓰나 그소리만듣고있나이런생각까지드는겁니다.나도 잔다고 못듣는 소리를 윗층에서는 귀신같이우째듣는지.그러고는 좀있다 또주인아줌마한테전화왔는데하는말이 우리이사오고 한달에2만원이나 수돗세가더나온다고 좀아껴쓰라고그러고 며칠안지나서 내가씻고 친구가씻고있는데 또인터폰이울리는겁니다 아니나 다를까 주인아저씨입니다 지금시간이며신데 이러냐고 물쓰는소리때문에잠을못자겠다고나도짜증나서 되물었죠 지금며시냐고 ? 내가10시도안됐다고 집주인한다는말이 지금30분넘게씻고있다고.나도씻고 친구도씻어서그렇다고하니깐갑자기 30분에서 1시간째이런다고오죽하면이러겠냐고 이러면서 가버리는겁니다.그러면서 저거는 새벽1시2시까지쿵쿵거리고ㅅㅂ 스트레스 존나받네요이런거 머 법적으로 해결방안없을까요?계약되기전에 다음세입자 우리가안구해주고 이사가도된다든가.밤9시이후 못찾아오게한다든가,2021.01.29,46.0, 질문에 답변드리겠습니다.집주인이 주택을 방문하거나 전화를 한다면 거절하시기 바랍니다. 그럼에도 계속해서 그러한 관심을 갖는다면 임대차계약 해지를 요구할 수도 있음을 주지시키시면 그렇지 않을 것으로 보입니다. ,수호신,48717.0,계약,1.0,전세,3.0,"법, 법률",2.0,0.0,0.0,0.0,https://kin.naver.com/qna/detail.nhn?d1id=6&dirId=60202&docId=380317694,"부동산, 건축",[],,,,,,,,,,,,,,,,,,,"['법률', '민원']"
404.0,부동산가압류 신청서 몇부가 핑요한가요?,부동산가압류 신청서를 내려고 하는데요.(법원)몇 부가 필요한가요?그리고 별지목록 5부가 무엇인지 궁금합니다. 둥기부등본 5부인지 모르겠네요.부탁드립니다.,2021.02.06,21.0, 가압류(압류) 신청서 1부별지목록(채권자목록 ) 5부 ,초인,945.0,"전세, 경매, 소비자관련법, 상법",93.0,,,,,0.0,0.0,0.0,https://kin.naver.com/qna/detail.nhn?d1id=6&dirId=60202&docId=381149462,"부동산, 건축",[],,,,,,,,,,,,,,,,,,,"['법률', '민원']"
1165.0,집명의문의?,출산장려금때문에 저와 아내 둘다 타지로 전입신고를하는데 문제가없나요?(실제로는 거주하지만 등본상에 아무도없음)그리고 장모님이 빈집으로 주소만옮기셔서 세대주가 되도 관계없나요?,2021.01.27,22.0, 안녕하세요!?원칙은 안되겠지요.주민등록이 말소 되는 상황이 아니라면 실제 문제는 없을 것입니다.말소 상황은 연락이 안되거나 민원이 발생하는 등의 일을 말합니다.?좋은 날 이루시기 바랍니다.?https://whal.eu/l/B7G3RZd7 ,태양신,4304.0,"부동산, 건축 민원",2.0,"부동산, 건축",26.0,매매,46.0,0.0,0.0,0.0,https://kin.naver.com/qna/detail.nhn?d1id=6&dirId=60202&docId=380136412,"부동산, 건축",[],,,,,,,,,,,,,,,,,,,"['민원', '등기']"
233.0,사업장 현황 신고,"다가구주택 2채 가 있어 전월세를 받고 있습니다.보증금 6000에 월세 120만원 정도 이고 ,임대 사업자 신고 안하고 그냥 오랬동안있던건데 갑자기 카톡으로 2/10일 까지 사업장현황신고를 하라고 카톡이 왔어요1. 신고를 해야하나요 ,안하면 안되나요 2. 신고 안하면 벌금이 있나요 대락 얼마정도 일까요?3. 신고 하면 5월에 뭐가 있다고 하던데 그때는 부가세를 내나요 또얼마를 내야 할까요?답변 감사 드립니다.",2021.02.08,48.0," 1. 신고를 해야하나요 ,안하면 안되나요  주택임대사업자는 꼭 하지 않아도됩니다.면세사업자 현황신고는 아래 포스팅 참고하세요.http://m.site.naver.com/0KEzW ",지존,360.0,,,,,,,0.0,0.0,0.0,https://kin.naver.com/qna/detail.nhn?d1id=6&dirId=60202&docId=381341662,"부동산, 건축",[],,,,,,,,,,,,,,,,,,,"['민원', '세무']"
1311.0,창문가림막 앞집 설치요구 방법,원룸 빌라 살고 있는데 집 바로 건너편 새로운 집을 짓고 이ㅆ어요 근데 바로 앞집은 훤히보이는 배란다 가 ? 보여지는데 저희집은 가림막 설치가 되어있는데 그 앞집은 신축인데도 불구하고 없는 것. 뭔가 앞집도 달아야 그나마 우리집이 안 보일 것 같은데 말이져 요구 할수 있는 방법이나 민원 넣을 수 있는데다 있나요? 제가 알기오 원래 건뭉 새로 지으면 앞에집 위해 가림막 설치 해야 된다고 들었는데,2021.01.24,12.0,,,,,,,,,,0.0,0.0,0.0,https://kin.naver.com/qna/detail.nhn?d1id=6&dirId=60202&docId=379827373,"부동산, 건축","['창문가림막', '원룸사생활', '검색질문']",,,,,,,,,,,,,,,,,,,['민원']
1229.0,전세권설정과 확정일자,이사 후 확정일자를 받고 전입신고를 마쳤는데 제 이후에 들어온 타세대 세입자가 전세권 설정을 한 경우 누가 선순위 인가요?,2021.01.26,17.0, 타세대 세입자가 후순위입니다 ,지존,212.0,,,,,,,0.0,0.0,0.0,https://kin.naver.com/qna/detail.nhn?d1id=6&dirId=60202&docId=380045806,"부동산, 건축",[]," 1. 부동산을 점유하고 전입신고와 확정일자를 받는다면 본인이 선순위 임차인에 해당합니다.?2. 대항력과 우선변제권을 모두 갖춘 것으로 보이는바, 너무 앞서 걱정하지 않으셔도 될 것으로 판단됩니다.?구체적인 상담이 더 필요한 경우 아래 네임카드 또는 홈페이지(www.gasasosong.com)연락처로 문의주시면 성심껏 답변드리겠습니다.감사합니다.(02-598-8838, 가사소송닷컴)?답변서 상단 '사진'이나 '가사소송닷컴'을 누르시면 네임카드와 프로필을 확인하실수 있습니다.? ",수호신,26223.0,,,,,,,,"가족, 이혼",1.0,"재판, 소송 절차",2.0,민사소송,3.0,,,"['민원', '전세']"
220.0,빌라2층에서 전세로 6개월 살았는데 1층에서 배수관이 막혔다고 싱크대사용을 못하고 있어요. 집주인과 세사는 사람중누가 수리비를 내나요?,어... 150만원에 구입하셧다고 하시는거면 정가보다 15만원정도 싸게삿다고 생각하시면될듯합니다.,2021.02.08,9.0, 임차인이 배수관에 버려야될 것들 외의 것들을 버렸으면 임차인?단순 노후화 및 구조불량이면 임대인. ,지존,,,,,,,,0.0,0.0,0.0,https://kin.naver.com/qna/detail.nhn?d1id=6&dirId=60202&docId=381351816,"부동산, 건축","['검색질문', '통합검색궁금증', '통합검색질문하기']",,,,,,,,,,,,,,,,,,,"['민원', '전세']"
166.0,●불법 건축물 신고 내공[20]●,옥탑 계약을 했는데 집이 불법건축물이에요민원 넣을려구하는데 1.익명으로 민원 넣는곳이 있나요? 그리구 2.신고하면 집주인이 벌금을 부과하게되면 철거가 안되는건가요? 아님 그거랑 상관없이철거가 되는건가요?,2021.02.09,27.0, 1.민원접수는 익명은 아니지만 절대 누군지 알려줄수 없습니다. 익명 보장됩니다.2.이행강제금이 부과됩니다. 원상복구 될때 까지 나옵니다. ,초수,4.0,,,,,,,0.0,0.0,0.0,https://kin.naver.com/qna/detail.nhn?d1id=6&dirId=60202&docId=381407230,"부동산, 건축","['전세계약', '임대차계약', '불법건축물']", 안녕하세요.?구청가서 신고하면 익명 보장이 원칙이라 괜찮아요.?불법건축물 신고하면 원상회복하라는 이행강제금이 부과됩니다.?철거는 주인이 하는거라 주인 마음입니다.?벌금을 내고 두기도 하고 원상회복하기도 합니다.?채택 부탁드립니다.?채택으로 발생하는 해피빈은 어려운 가정을 위한 기부금으로 쓰입니다.?그럼 이만 ,중수,26.0, 국민신문고이용하시고 민원인은절대알려주지않아요  주택과에서방문하거나항공사진참조해서  원상복구명령하고 안하면이행강제금나오며 사람이살고있다면 철거명령은못합니다  다른불이익은 취득세와재산세등이높게부과됩니다  ,시민,1.0,,,,,,,,,,,,,"['법률', '민원']"
1261.0,옆집 윗집 소음,"이사온지 두달째예요 옆집이랑 화장실이 붙어있는 구조인데물트는 소리 들리는거까지는 이해해요 근데 샤워기 놓는소리 딸카카카칵 !!!!!물건 놓는소리 퉁퉁퉁 !!!칫솔? 같은거로 탁탁탁탇탁 하는 소리 진짜 심해요늦으면 밤 12시에도 그러고오늘은 새벽 여섯시반부터 소리가 나서잠을 못잤어요윗집에는 한 1-2주전부터 안나던 테이블? 의자? 끄는 소리가 드르르륵 납니다 옆집에는 메모지 , 직접 찾아가보기도 했고윗집에는 메모지, 직접 찾아가보고 경비실 민원도 넣었는데 달라지는게 없어요진짜 요 며칠 하루에 쪽잠으로 두시간정도씩 밖에 못자고정신병 올거같네요잠도못자고 스트레스를 너무 받아서 식은땀도나고 어지럽고 ㅡㅡ하복도에서 말하는소리도 엄청크게들리고 떠들고 ; (새벽)심장이 심하게 빨리뛰고 불안해져요;;이거 뭐 어떻게 할 방법 없을까요 집주인이나 부동산에 말해서 집을 이사한다든가 신고를 한다든가 피해보상이라던지 ..이거 진짜 사람 못살거같아요 ;오늘은 비가왔는데 그렇게 좋아하던 빗소리도 이제 짜증이 나네요여러 방안 대책좀 부탁드려요 내공200",2021.01.26,74.0, 질문에 답변드리겟습니다. 질문요지를 고려할 때 층간소음에 대한 해결방안으로 보입니다. 이러한 경우 우선적으로 간이 소음측정기를 통해서 소음측정이 우선입니다. 그 다음에 소음진동법에 규정되는 소음이상이 발생된다면 임대인을 통해서 소음진동 억제를 위해서 협조를 요구한 후 조치를 취해야 합니다. 최악의 경우 다른 곳으로 이사를 갈 수 밖에 없어 보입니다. ,수호신,48717.0,계약,1.0,전세,3.0,"법, 법률",2.0,0.0,0.0,0.0,https://kin.naver.com/qna/detail.nhn?d1id=6&dirId=60202&docId=380008133,"부동산, 건축","['층간소음', '옆집소음', '소음해결방안']",,,,,,,,,,,,,,,,,,,"['법률', '민원']"
1777.0,주소지 사용관련 문의합니다.,"이번에 신축건물을 착공했습니다. 신축건물은 2개의 동으로 되어 있습니다..즉,2개의 동이니까, 번지가 2개 입니다..이런경우 2개의 주소지중 아무거나 사용해도 되는지요?",2021.01.28,20.0," [질문] 이번에 신축건물을 착공했습니다. 신축건물은 2개의 동으로 되어 있습니다..즉,2개의 동이니까, 번지가 2개 입니다..이런경우 2개의 주소지중 아무거나 사용해도 되는지요??[답변] 도로명주소법에 의하여 주소는 도로명 주소를 사용하도록 되어 있습니다. 건축물 신축시에 부여받은 도로명주소 사용하시면 됩니다. ",초인,408.0,,,,,,,0.0,0.0,0.0,https://kin.naver.com/qna/detail.nhn?d1id=6&dirId=60103&docId=380261725,"부동산, 건축 민원",[],,,,,,,,,,,,,,,,,,,"['법률', '민원']"
1730.0,임대차 관리시설 분쟁,안녕하세요 저희는 5층 건물에 4층 5층을 임차해 가게를 운영하고 있습니다. 문제는 이번 한파로 수도가 동파해 물이 한달정도 나오지 않고 있습니다. 물을 많이 사용하는 업종이 아니라 임대인인 해결 해 준다는 말만 믿고 한달정도 시간이 흘렀는데 해결 해줄 기미가 없네요. 저희들이 해동 할 수 있는 업자를 불러 확인하니 4층5층은 언 곳이 없고 매인 공급선이 동파되어 물이 나오지 않는 것 같다고 합니다. 원인을 파악하려고 기계실을 보여달라고 해도 임대인이 기계실 개방을 거부해 볼 수도 없는 상황 입니다. 물 사용은 작지만 화장실을 사용 할 수 없고 건물내 다른 층의 화장실도 사용 할 수 없는 상태 입니다. 화장실이 없어 영업에도 막대한 지장이 초래되고 있습니다. 어떻게 해결해양 하나요?,2021.01.31,15.0,,,,,,,,,,0.0,0.0,0.0,https://kin.naver.com/qna/detail.nhn?d1id=6&dirId=60103&docId=380520617,"부동산, 건축 민원",['임대차분쟁'],,,,,,,,,,,,,,,,,,,"['법률', '민원']"
1714.0,준공인가전 토지사용 승인 관련 궁금한 사항입니다,"기존 부지의 대지에 저장시설물이 운영되었으나, 사용자측의 계획변경에 따라 철거 후, 지중화 시키는 공사를 위하여, 철거 작업은 완료 되었으나, 준공인가가 나지 않은 상태에서,'여건 상, 해당 부지의 일부에 공사용 가시설(변전실)을 신축하고자 합니다. 1) 질의 1 : 공사용 가시설(변전실)이므로, 준공 인가전 토지사용 승인에 해당이 없는 지요?2) 질의 2 : 준공인가전 토지사용 승인의 대상은 가설 건축물 내지 영구 건축물에 무관하게, 준공인가 전에 대상부지에 신규로 건축물을 축조하고자 하는 경우 대상인지요?",2021.02.01,13.0,,,,,,,,,,0.0,0.0,0.0,https://kin.naver.com/qna/detail.nhn?d1id=6&dirId=60103&docId=380623004,"부동산, 건축 민원",[],,,,,,,,,,,,,,,,,,,"['법률', '민원']"
1762.0,"1977년 1차 부동산투기억제 종합대책 이후 2006, 11, 15대책까지의 차수별 대책내용",1977년 1차 부동산 투기 억제 종합부동산대책 이후 2006년 11·15 부동산종합대책까지차수별 대책의 내용 요약이 필요합니다.레포트를 내야할 실력이 안되네요.죄송합니다. 간,2021.01.29,12.0, 냉온탕 역대 부동산 정책=역대 정부의 부동산 정책은 경제 상황과 맞물려 움직였다.부동산 가격이 크게 오르고 경기가 과열되면 강력한 규제 강화 정책을 통해●시장 안정시키는 데 주력 ,영웅,404.0,,,,,,,0.0,0.0,0.0,https://kin.naver.com/qna/detail.nhn?d1id=6&dirId=60103&docId=380331747,"부동산, 건축 민원",[],,,,,,,,,,,,,,,,,,,['법률']
1565.0,보전관리지역이며 얼마전 자연취락지구 지정 되었는데 휴게음식점(카페)이 가능한지....,저수지 주변 보전관리지역인데 얼마전에 우리사는곳이 자연취락지구 지정이 되었답니다.경관이 좋아 카페를 해볼까하는데 인허가상 문제가 없는지...보전관리지역으로만 보면 불가능하고자연취락지구로만 보면 가능한걸로 아는데 조언부탁드립니다.,2021.02.08,49.0, 맞습니다보전관리지역에서는 카페(일반음식점)을 지을 수 없도록 규정하고 있지만 예외조항으로 자연취락지구에는 가능하도록 규정되어 있습니다.?정확한 사항은 해당지자체 도시계획조례를 검토해야 알 수 있습니다 ,별신,3007.0,"부동산, 건축 민원",4.0,건축학,26.0,"부동산, 건축",74.0,0.0,0.0,0.0,https://kin.naver.com/qna/detail.nhn?d1id=6&dirId=60103&docId=381318298,"부동산, 건축 민원","['자연취락지구', '보전관리지역']"," 인사드립니다!성공하는 창업의 모든것 ""성창모""입니다!선생님께서 원하시는 정보는 저희 카페에서 해결하실 수 있도록 노력하겠습니다.이렇게 갑작스럽게 글을 남겨서 죄송합니다..!성창모의 가족이 되어주시면 정말 열심히 하겠습니다!!https://cafe.naver.com/hyeok343 ",영웅,97.0,,,,,,,,,,,,,,,,"['법률', '민원']"
1520.0,안녕하세요 빌라에 거주하고 있는 사람,"안녕하세요. 빌라에 거주하고 있는 사람입니다.며칠 전, 지하에 한 분이 이사를 오셨습니다. 거주 목적이 아닌 창고 목적으로 집을 얻어서 들어 오셨더라고요. 무엇 때문인지 담벼락을 다른 세대주 허락 없이 마음대로 부수질 않나, 누수가 됐는데 건물 전체적인 문제인 것 같다며 문제를 해결하려고 하지 않습니다.이부분에 대해 법적으로 대응할 수 있나요? 말로 해도 통하질 않으니 답답할 뿐입니다.. 꼭 답변 부탁드리겠습니다!!",23시간 전,11.0,,,,,,,,,,0.0,0.0,0.0,https://kin.naver.com/qna/detail.nhn?d1id=6&dirId=60103&docId=381471759,"부동산, 건축 민원","['집합건물', '집합건물공유부분사용']",,,,,,,,,,,,,,,,,,,['법률']
1636.0,도로포장으로 차량피해민원 질의,지식인님 및 전문가님들 도와주시기 바랍니다제 차량은 도로인근에 접한 건물 1층주차장에 주차되어있습니다최근에 시에서 도로포장공사를 했었습니다 다음날 차량을 확인해보니 아스콘 분진비산먼지가 차량에 많이 묻어있어 관할 구청에 전화했습니다 구청 담당자는 해당시공사한테 연락이후 해당시공사 관계자한테서 전화가왔습니다 그러더니 확인해보니 자기네들 아스콘 비산먼지가 아니라면서 먼지라고 우기는데 제차량뿐만 아니라 주변차량들도 묻어있는것을 확인했거든요 금전적인 보상을 받고자 한것도 아니고 그냥 죄송하다 하면 될것을 우겨대기만 해서 민원이랑 법적으로 따질까 싶은데요어떻게 하면 관련시공사를 처벌할수있을지 도와주시기 바랍니다증거 내놓으라하면 동영상 사진 찍어둔것도 있습니다,2021.02.04,26.0," 안녕 하세요^^?민법 1위, 법률 2위, 제신고민원 2위,부동산 건축 1위, 건축 민원상담 1위,건축학 2위의 지식인 길성그랑프리힐 입니다?위 질의하신 부분에 대하여 답변 드리겠습니다*****************************************?질문 : 어떻게 하면 관련시공사를 처벌할수 있을지? ?답변 : 관할구청에 공사감독권이 있으므로 감독을 제대로하지못한 책임을 물어 민원을 넎고 보상을 요구 하시기바랍니다몇번 민원을 넎고 구청에 보상요구를 하면 업체에서 잘못을 인정하고 보상협의를 해줄것 입니다?***************************************** ",수호신,35814.0,,,,,,,0.0,0.0,0.0,https://kin.naver.com/qna/detail.nhn?d1id=6&dirId=60103&docId=380968870,"부동산, 건축 민원",[],,,,,,,,,,,,,,,,,,,"['법률', '민원']"
1650.0,토지 점유 대위청구,대위청구토지를 2020'8월 매입 하였습니다구입한 토지위에 불법건축물이 있습니다불법 건축물소유자가 17년간 사용 하였습니다 구입한 토지소유자가 여려번 여려명바뀌었는데 17년모두 청구 할수 있는지요,2021.02.04,16.0,,,,,,,,,,0.0,0.0,0.0,https://kin.naver.com/qna/detail.nhn?d1id=6&dirId=60103&docId=380914362,"부동산, 건축 민원","['검색질문', '통합검색궁금증', '통합검색질문하기']",,,,,,,,,,,,,,,,,,,"['법률', '민원']"
1621.0,2.4 부동산 대책 이후 신규매입관련,2.4 대책 발표일 이후 사업구역내 공공재개발 부동산을 신규매입하면 입주권 안준다고 하는데여기서 2.4대책 발표일 이후 지정되는 사업구역도 포함해서 소구한다는 건가요?고견 부탁드립니다!,2021.02.05,445.0, 질문자님에게 아래와 같은 글이 도움이 될까 하여 부동산 대책 총정리글 첨부해 두고 가겠습니다!참고하셔서 질문자님에게 조금이라도 도움이 되셨으면 합니다!^^앞으로도 항상 행복하고 좋은 일들만 가득하시길 바랍니다!!▼부동산 대책 관련글 바로가기 ,초인,,,,,,,,0.0,0.0,0.0,https://kin.naver.com/qna/detail.nhn?d1id=6&dirId=60103&docId=381021538,"부동산, 건축 민원",[], 2021년 2.4부동산 대책 사회 반응 ,초인,686.0, 안녕하세요!딱 맞는 답변을 가지고 왔습니다^^지식인을 활동하다 보니 부동산 대책에 대해서 궁금해 하시는 분들이 많으시더라고요!질문자님이 궁금해 하시는 궁금증은 아래 글을 참고하시면 도움이 되실꺼에요~부족하지만 해당 답변이 도움이 되기를 바랍니다!https://health.bootcom.co.kr/291 ,고수,,,,,,,,,,,,,,"['법률', '민원']"
1561.0,매딜 감리보고서 내기,건축현장의 감리로 지정된 자는 매달 감리보고서를 작성하여 용역업무을 위탁한 위탁인에게 재출하여 확인을 받는것을 요구할수있는 근거가 무엇인가요?감리보고서는 기성고 및 공정률 확인을 위해 필수적으로 요구되는 서류인가요?건축물의 선분양 시 원칙적으로 공정률 이상으로 분양대금을 받을수없는 이유는?,2021.02.08,27.0," 주택법현장이신거 같은데요. ?주택법의 감리는 시행사가 아니고, 불특정다수 즉 분양자를 대변하기 때문에 해당 지차체에서 입찰을 통해서 선정하게 됩니다.?건축현장의 감리로 지정된 자는 매달 감리보고서를 작성하여 용역업무을 위탁한 위탁인에게 재출하여 확인을 받는것을 요구할수있는 근거가 무엇인가요??주택법 시행규직 제10조 감리의 배치기준 3항 3호 감리업무 수행 상황 : 분기별?감리보고서는 기성고 및 공정률 확인을 위해 필수적으로 요구되는 서류인가요??시공사의 기성고 및 공정률 확인을 위해서는 공정률 확인서에 건설사업관리단장의 도장을 받아 제출합니다.감리보고서는 관에 보고하는 자료입니다.?건축물의 선분양 시 원칙적으로 공정률 이상으로 분양대금을 받을수없는 이유는??원칙적으로 과기성은 금지 되어 있습니다.당연한건데 질문을 하시니,시공사에서 PF자금을 대출을 받아 만약 50%의 공정률인데 60%의 기성을 받았다면??기성을 받자마자 부도가 났다면??10%의 과기성에 대해 책임을 지울수 없습니다.?일하지도 않은 금액을 준게 되니 말도 안되는거죠. ",물신,,,,,,,,0.0,0.0,0.0,https://kin.naver.com/qna/detail.nhn?d1id=6&dirId=60103&docId=381327191,"부동산, 건축 민원",[],,,,,,,,,,,,,,,,,,,"['법률', '민원']"
1588.0,지자체에서 제 소유지 땅 동의없이 무단으로 훼손하였습니다..,"지자체에서 제 소유 바로옆땅에 국가시설물을 설치하면서저에게 연락도 승락도없이 제땅의 많은부분을 훼손시켰습니다. 코로나로 인해 바빠서 촌의 사유지를 방문을 못하고 있다가 방문하면서 제소유지의 당을 주인도 못알아볼정도로 벌체. 성토되어있어서 경찰서에 신고했습니다. 국가시설물이 새로 생겨서 혹시나하고 토지대장을 뽑아보니 지자체소유로 되어있는 걸 확인하고 관련부서 전화해보니 작년 여름에 공사했었다고 인근땅 소유자분이냐고 확인후 공사전에 수소문해서 찾아봤으나 등기부등본 10년전에 주소로 찾아갔으나 못찾았다고 하네요.. 10년전 주소로 찾아가서 지자체가 전입 전출만 확인하면 찾을수 있다고 생각합니다.. 관련부서에서 작업당당 건설회사에게 연락하라고 번호를 알려줘서 공사를 진행하며 제 사유지도 공사로 일부 벌목하고 성토 했다고 인정은 한 상태입니다. 지자체에서는경찰에 고소장을 제출했으나재대로 수사가 되지않는거같습니다.이번에 다시 방문시 삽으로 땅을 퍼보니 시멘트화 되어있고 흙 10센치 정도 덮어져 있는 상태라.. 더욱더 화가납니다.. 벌목을 넘어서 성토 해줬다고 포현했었는데 그것도 밑에 시멘트로 하고 흙을 덮고 알려주지도 않았다는 점이 괴씸합니다.땅은 원상복구를 요구하고 많은나무의 무단벌채는 보상을 요구해야합니다. 산림훼손죄(산지법위반), 재물손괴죄, 목재의 도난죄 등이 해당되나요? 손해배상청구는 어떻게하나요? 개인간 싸움보다 더 어렵나요?국가가 개인소유땅에 무단으로 침범하리라고는 정말 생각지도 못했습니다너무 황당해 대책이 안섭니다지자체 대상으로 법원에 손해배상청구를 하면 이득이 있을까요",2021.02.06,26.0," 지목 이 임야 인것 같습니다,산지관리법 이 강화 되어 불법 임야 훼손 은 형사 처벌 되고 형사권 까지 있어서 직접 수사 합니다 ,경찰 보다 산지과 에 신고 하심이 좋을듯 합니다 ~ ",고수,69.0,,,,,,,0.0,0.0,0.0,https://kin.naver.com/qna/detail.nhn?d1id=6&dirId=60103&docId=381171657,"부동산, 건축 민원",[],,,,,,,,,,,,,,,,,,,['법률']
1732.0,임대료 인상에 대해서,우리 사무소의 경우 큰 차를 세울 수 있는 주기장이 필요해 가까운 공터를 5년 계약월 임대료를 내는데 주인 입장에서 보면 주위 시세에 맞게 두배 정도 올린다고 합니다. 여기서전 계약 기간,2021.01.31,17.0," 안녕하세요 로또쿠 네이버 지혜주머니 상담 변호사 최효식입니다.상가임대차보호법이 개정되어 계약갱신요구권이 종전 5년에서10년으로 늘었어요.즉, 10년간은 권리를 주장할 수 있습니다. ",초인,412.0,,,,,,,0.0,0.0,0.0,https://kin.naver.com/qna/detail.nhn?d1id=6&dirId=60103&docId=380514368,"부동산, 건축 민원",[],,,,,,,,,,,,,,,,,,,"['법률', '월세', '계약']"
1539.0,부동산과 관련하여 묻겠습니다.,"최근들어 정부에서 이른바 2,4대책으로입주권 대신 현금청산을 한다는 등의 이야기로 말미암아부동산 거래가 없다고 하는데현금청산이란 말이 무슨뜻인가요 ?",2021.02.09,11.0,,,,,,,,,,0.0,0.0,0.0,https://kin.naver.com/qna/detail.nhn?d1id=6&dirId=60103&docId=381412768,"부동산, 건축 민원",[],,,,,,,,,,,,,,,,,,,['법률']
1566.0,3종시설물 안전점검과 정밀안전점검에 대하여,"건축물의 안전등급(A,B,C등급)에 대하여는 3종시설물로 지정될 경우 분기마다 정기안점검을 받는걸로 알고 있습니다.하지만 정밀안전점검을 받을 경우 3종시설물 정기안전점검을 안받아도 되는지 관련 근거(법령)나 자료를 알고 싶습니다.",2021.02.08,9.0,,,,,,,,,,0.0,0.0,0.0,https://kin.naver.com/qna/detail.nhn?d1id=6&dirId=60103&docId=381317833,"부동산, 건축 민원","['3종시설물', '정밀안전점검']",,,,,,,,,,,,,,,,,,,"['법률', '민원']"
1581.0,1. 도시지역에 건축허가 받기위해서 몇 미터 도로에 접해야하나요?2. 농어촌 지역에 건축허가 받기위해서 몇 미터 도로에 접해야하나요?,어... 150만원에 구입하셧다고 하시는거면 정가보다 15만원정도 싸게삿다고 생각하시면될듯합니다.,2021.02.07,17.0, 1.4미터 이상의 도로에 2미터 이상 접해야 합니다2. 도시외 지역은 2미터 이상의 도로에 2미터 이상 접해야 합니다(허가권자가 통행에 이상이 없다고 판단하면 저 조건에 부합되지 않더라도 허가가 나는 경우도 있습니다) ,바람신,1545.0,서바이벌,4.0,사격,7.0,"부동산, 건축",,0.0,0.0,0.0,https://kin.naver.com/qna/detail.nhn?d1id=6&dirId=60103&docId=381224137,"부동산, 건축 민원",[],,,,,,,,,,,,,,,,,,,"['법률', '민원']"
1812.0,전문건설업체인데요 임원갱신,전문건설업인데요요번3월에 임원갱신 해야하는데요처음하는 업무라 아무것도 몰라요법무사사무실에 의뢰하면 된다는데사장님이 셀프로 하라시네요ㅜ,2021.01.26,13.0,,,,,,,,,,0.0,0.0,0.0,https://kin.naver.com/qna/detail.nhn?d1id=6&dirId=60103&docId=380058674,"부동산, 건축 민원",[],,,,,,,,,,,,,,,,,,,"['법률', '등기']"
1600.0,"●""역대 대형 부동산 대책 알려주세요""",2007년 이후의 부동산 대책에 대해서는 개괄적인 내용과 발표 시기만 알 수 있다.있을까요?,2021.02.06,24.0, 안녕하세요 부동산대책에 대한 답변을 드리겠습니다. 20032008년 노무현 정부 2005년 8.31 대책의 재건축 아파트 안전 진단 기준 대폭강화 투기과열지구지역 확대 수도권 과밀억재권역 재건축 시 ,초인,409.0,,,,,,,0.0,0.0,0.0,https://kin.naver.com/qna/detail.nhn?d1id=6&dirId=60103&docId=381125186,"부동산, 건축 민원",[], 많은분들이 궁금해 하시는 부동산 대책 관련글 남겨두고 가겠습니다!아래 참고하셔서 도움이 되었으면 합니다~!항상 좋은 행복한 일들만 가득하시길 바랍니다^^▼부동산 대책 관련글 바로가기 ,초인,, 안녕하세요!딱 맞는 답변을 가지고 왔습니다^^지식인을 활동하다 보니 부동산 대책에 대해서 궁금해 하시는 분들이 많으시더라고요!질문자님이 궁금해 하시는 궁금증은 아래 글을 참고하시면 도움이 되실꺼에요~부족하지만 해당 답변이 도움이 되기를 바랍니다!https://health.bootcom.co.kr/291 ,고수,,,,,,,,,,,,,,['법률']
1646.0,"신축 건물 피해 때문에 너무 힘듦니다. 준공 받기도 전에 외부에서 물이 새어 들어옵니다. 바깥쪽은 1m40m정도 뺑 둘러 콘크리트를 쳐 놓았습니다. 방수도 해 놓지 않고 왜 콘크리트를 쳐 놓았냐 하니 설계사가 그렇게 하라고 했답니다. 자기들은 콘크리트 윗쪽에 우레탄 방수를 하고 내부에 방수벽을 쌓을 예정 이랍니다. 상식적으로 방수를 떠나 외부에서 물이 들어온다는게 말이 안된다 생각합니다. 외부 콘크리트 쳐 놓은 데를 일부 파내고 조인트 방수든 뭐든 확실히 잡아달라 하니 그렇게는 못 한다고 합니다 시공사 측에서.. 왜 방수도 안잡고 콘크리트를 쳐버렸냐 하니 옆 건물 벽이 허물어 질 것 같아서 그렇게 했다고 합니다. 토사를 더 긁어파면 벽이 쓰러질 것 같답니다.. 준공도 받지도 않은 새 건물이 완전 엉망진창이 되어 버렸습니다. 그리고 외부 틈이 좁아 거푸집 제거도 안한 상태에서 마감을 쳐 버렸다고 합니다원상복구 시켜 달라니 법을 언급하며 소송 시, 저희가 100% 패소 한단 얘기까지 합니다.. 너무나 억울 해 미쳐버리겠습니다.",어... 150만원에 구입하셧다고 하시는거면 정가보다 15만원정도 싸게삿다고 생각하시면될듯합니다.,2021.02.04,28.0, 방수 안하신거 같은데....?보통 방수 안하면 콘크리트 부분에 물이 흡수되어 사진처럼 물이 먹습니다.... ?백퍼 미장 방수 안하신거에요. ?사진상으로 볼때 2가지 의심됩니다.?첫째  미장 방수 안했다. 외부 내부 다 하셔야돼요. 그렇게 안하더라도 최소한 내부는 하여야됩니다. ?둘째 정화조로 연결되는 파이프가 구멍나거나 터졌다. ?? ,영웅,193.0,,,,,,,0.0,0.0,0.0,https://kin.naver.com/qna/detail.nhn?d1id=6&dirId=60103&docId=380924770,"부동산, 건축 민원",[],,,,,,,,,,,,,,,,,,,['법률']
1578.0,"신축이 아닌 증축도 허가,사용승인일이 따로 있나요?","건물 신축이 아닌 증축도 허가,사용승인일이 따로 있나요?",2021.02.07,41.0, 증축은 허가를 받아야 하지만 사용승인은 따로 필요하지 않습니다. ,지존,334.0,사기,99.0,주민등록증 발급,,"형벌, 형집행",,0.0,0.0,0.0,https://kin.naver.com/qna/detail.nhn?d1id=6&dirId=60103&docId=381244856,"부동산, 건축 민원",[], 당연히 증축허가를 받고 사용승인도 받아야 합니다행정 플로어는 이렇습니다증축허가신청-증축허가-착공신고-착공신고필증-공사완료-사용승인신청-사용승인? ,바람신,1545.0," 증축도 규모에 따라서 증축신고 또는 증축허가를 받아야 하며, 사용승인검사를 받아야 합니다.건축물대장에는 최초 신축시의 사용승인일과 변동사항란에 증축행위의 변경(사용승인)일과 변동된 내용을 기재합니다. ",별신,3007.0,"부동산, 건축 민원",4.0,건축학,"부동산, 건축",서바이벌,4.0,사격,7.0,"부동산, 건축",,26.0,74.0,"['법률', '민원']"
1643.0,중앙일보 사설 보고-부동산종합대책 관련!,"부동산 종합 대책에 관한 사설을 읽었는데요. ●부동산종합대책에 담겨야 할 주요세 가지를 들자면 ""전세에서 월세로 넘어가는 연착륙 방법도 찾아야 한다""고씌어 있다",2021.02.04,25.0, 질문자님에게 아래와 같은 글이 도움이 될까 하여 부동산 대책 총정리글 첨부해 두고 가겠습니다!참고하셔서 질문자님에게 조금이라도 도움이 되셨으면 합니다!^^앞으로도 항상 행복하고 좋은 일들만 가득하시길 바랍니다!!▼부동산 대책 관련글 바로가기 ,초인,,,,,,,,0.0,0.0,0.0,https://kin.naver.com/qna/detail.nhn?d1id=6&dirId=60103&docId=380952690,"부동산, 건축 민원",[], 안녕하세요!딱 맞는 답변을 가지고 왔습니다^^지식인을 활동하다 보니 부동산 대책에 대해서 궁금해 하시는 분들이 많으시더라고요!질문자님이 궁금해 하시는 궁금증은 아래 글을 참고하시면 도움이 되실꺼에요~부족하지만 해당 답변이 도움이 되기를 바랍니다!https://health.bootcom.co.kr/291 ,고수,,,,,,,,,,,,,,,,,['법률']
1649.0,과거에는 부동산매매,과거에는 한사람이 수십만평 부동산을가졌는지 알고싶습니다,2021.02.04,21.0, 안녕하세요!?부동산 소유에 제한이 없습니다.지금도 개인이  많은 토지를 갖고 있습니다.?? ,태양신,4304.0,"부동산, 건축 민원",2.0,"부동산, 건축",26.0,매매,46.0,0.0,0.0,0.0,https://kin.naver.com/qna/detail.nhn?d1id=6&dirId=60103&docId=380916814,"부동산, 건축 민원",[],,,,,,,,,,,,,,,,,,,"['법률', '매매']"
1593.0,임대차상가보호법에 대하여,2017년5월에 계약 한 사람 입니다계약은 1년씩 자동 연장 하고 있습니다이번에 법 변경으로 2018년 10월 부터 계약 하신 분들만적용 가능 하다고 들었습니다저희 처럼 2018년 법 개정 이전 사람 들은 10녀 계약 유지 해택을 받을 수 있는지 알 수 있을까글 올 리게 되었습니다조언 부탁 드립니다,2021.02.06,13.0, 1. 상가 임차인은 2018.10.16. 이전에 계약자는 5년간 계약 갱신 청구권이 있습니다.2. 2018.10.16. 이후에 최초 계약자 및 계약 갱신하는자는 최장 10년간의 계약 갱신 청구권이 있습니다.3. 묵시적 계약자는 계약기간이 1년간입니다.4. 묵시적 계약자는 계약 갱신 청구권이 없습니다. ,태양신,4262.0,"부동산, 건축",15.0,전세,60.0,매매,47.0,0.0,0.0,0.0,https://kin.naver.com/qna/detail.nhn?d1id=6&dirId=60103&docId=381158713,"부동산, 건축 민원",[],,,,,,,,,,,,,,,,,,,"['법률', '계약']"
1879.0,재건축 제한사항,아파트 재건축관련해서 제한규정에 대해서 문의드림니다. 1. 2018년1월30일잔금. 2. 2019년 6월17일 관리처분계획인가. 3.2019년6월19일 투기과열지구지정. 투기과열지구 지정일보다 최초관리처분 인가일이빠른경우는 재당첨 제한규정에 적용이 안된다는데전문가님의 도움이 절실하네요.,2021.01.15,28.0,,,,,,,,,,0.0,0.0,0.0,https://kin.naver.com/qna/detail.nhn?d1id=6&dirId=60103&docId=378938567,"부동산, 건축 민원",[],,,,,,,,,,,,,,,,,,,"['법률', '민원']"
1717.0,국유지에 영구시설물 설치여부,공유지 및 국유지에 영구시설물(도로포장) 설치가 제한되는데혹시 잔디블록도 국유지 공터에 설치하면 영구시설물로 해당되나요?,2021.02.01,23.0, 네. 하지만 원상복구 시 복잡하게 문서까지 들이대질 않을 것 같네요. ,초인,416.0,,,,,,,0.0,0.0,0.0,https://kin.naver.com/qna/detail.nhn?d1id=6&dirId=60103&docId=380614522,"부동산, 건축 민원",[],,,,,,,,,,,,,,,,,,,"['법률', '민원']"
1638.0,이번 부동산 정책 어떻게 생각하시나요??,과연 사람들이 이 정책에 참여를 할까요?? 의문입니다...,2021.02.04,54.0," 안녕 하세요^^?민법 1위, 법률 2위, 제신고민원 2위,부동산 건축 1위, 건축 민원상담 1위,건축학 2위의 지식인 길성그랑프리텔 입니다?위 질의하신 부분에 대하여 답변 드리겠습니다*****************************************?질문 : 이번 부동산 정책 어떻게 생각하시나요?? 과연 사람들이 이 정책에 참여를 할까요?? ?답변 : 이번 부동산 대책은 실현 가능성이 없습니다앞전 김현미 장관도 앞으로 5년간 100만호를 공급하겠다고 말한적이 있습니다하지만 실현된것이 하나도 없습니다결과적으로 임기 1년남은 정권에서 말만 앞세운 정책은실현되기 힘들다는것 입니다공공부분만 초과이익 환수제 유예를 해준다고 하지만 재건축 조합들이 50% 임대아파트로 빼앗겨 가면서 누가 하려고 할까요?민간방식으로 한다면 조금은 가능성이 있습니다하지만 공공주도형으로 한다면 참여하기가 쉽지 않을것이고 지금부터 곧바로 시작해도 입주 하려면 5년이상 걸릴 텐데 임기는 1년 남았습니다이번 서울시장,부산시장 선거 끝나면 또 마찬가지 일것으로 보여 집니다 ?***************************************** ",수호신,35814.0,,,,,,,0.0,0.0,0.0,https://kin.naver.com/qna/detail.nhn?d1id=6&dirId=60103&docId=380962880,"부동산, 건축 민원",[],,,,,,,,,,,,,,,,,,,['법률']
1906.0,대기배출시설 (보일러) 변경신고 관련 질문,"저희 사업장 내에 임차인인 OO산업에서 설치한 보일러가 3개가 있습니다.사업장 내에 상업시설을 운영 중인 업체입니다.임차인이 설치하여 사용하는 보일러가 1.2t/hr 1개, 1,600,000kcal/hr 2개이며저희가 사용하고 있는 보일러는 100,000kcal/hr 1개 입니다.2015년 대기배출시설 관련 보일러 지자체 신고를 진행 할 때, 4개의 보일러 모두 저희 소유인줄 알고함께 신고를 하였고, 그동안 기방지시설 설치면제로 인해 자가측정 검사대상에서도 제외되어 문제가 없었습니다. 하지만, 최근 관련법 개정으로 인해 방지시설 설치면제 보일러의 경우에도 연1회 자가측정이 의무화 되었습니다. 또한, 기준치 미달시 버너를 설치하여아 한다고 지자체에서 통보를 받았습니다.저희 보일러 100.000kcal/hr의 경우에는 애초에 신고대상이 아닙니다. 임차인이 설치하여 사용하고 있는 보일러로 인해 신고대상이 되었습니다. 같은 사업장 내라고 할지라도, 사용자가 다르면 개별로 신고를 할 수 있는지, 아니면 저희가 임차인에게 자가측정 비용 및 버너 설치를 요구 할 수 있는지 궁금합니다.",2021.01.12,26.0,,,,,,,,,,0.0,0.0,0.0,https://kin.naver.com/qna/detail.nhn?d1id=6&dirId=60103&docId=378581897,"부동산, 건축 민원",[],,,,,,,,,,,,,,,,,,,"['법률', '민원']"
